Family,Section_ID,Area_Err_%,Ix_Err_%,Iy_Err_%,XC_Err_mm
IPN,IPN80,0.0391,0.038,0.0106,0
IPN,IPN100,0.232,0.1603,0.4097,0
IPN,IPN120,0.1488,0.0206,0.0339,0
IPN,IPN140,0.2201,0.0684,0.1219,0
IPN,IPN160,0.0006,0.0043,0.046,0
IPN,IPN180,0.1147,0.4095,0.0026,0
IPN,IPN200,0.1014,0.1048,0.3673,0
IPN,IPN220,0.006,0.1567,0.0143,0
IPN,IPN240,0.0433,0.0178,0.0081,0
IPN,IPN260,0.0469,0.0807,0.1314,0
IPN,IPN280,0.025,0.0628,0.0016,0
IPN,IPN300,0.0056,0.0489,0.1116,0
IPN,IPN320,0.0089,0.0483,0.0464,0
IPN,IPN340,0.0228,0.1931,0.0215,0
IPN,IPN360,0.0166,0.127,0.0489,0
IPN,IPN380,0.0204,0.0911,0.0559,0
IPN,IPN400,0.2165,0.2524,1.3994,0
IPN,IPN450,0.0403,0.1995,1.8936,0
IPN,IPN500,0.198,0.509,3.0453,0
IPN,IPN550,0.0215,0.2531,0.252,0
IPN,IPN600,0.0654,0.1551,0.194,0
IPE,IPE80,0.0489,0.0516,0.0108,0
IPE,IPE100,0.2318,0.0138,0.1186,0
IPE,IPE120,0.0824,0.0721,0.1142,0
IPE,IPE140,0.1627,0.0459,0.0401,0
IPE,IPE160,0.0378,0.0397,0.022,0
IPE,IPE180,0.2025,0.2253,0.1476,0
IPE,IPE200,0.049,0.1709,0.2603,0
IPE,IPE220,0.0825,0.0729,0.0549,0
IPE,IPE240,0.0492,0.0504,0.2251,0
IPE,IPE270,0.1047,0.0037,0.0305,0
IPE,IPE300,0.028,0.0401,0.0362,0
IPE,IPE330,0.0169,0.2725,0.0188,0
IPE,IPE360,0.0462,0.2039,0.3325,0
IPE,IPE400,0.0361,0.131,0.164,0
IPE,IPE450,0.027,0.1347,0.2457,0
IPE,IPE500,0.4073,0.0033,0.0794,0
IPE,IPE550,0.3162,0.0318,0.0897,0
IPE,IPE600,0.005,0.0117,0.0778,0
IPEA,IPEA80,0.0668,0.0288,0.0398,0
IPEA,IPEA100,0.01,0.122,0.169,0
IPEA,IPEA120,0.0043,0.1475,0.0481,0
IPEA,IPEA140,0.0215,0.0257,0.0655,0
IPEA,IPEA160,0.0025,0.0477,0.0502,0
IPEA,IPEA180,0.0082,0.2645,0.017,0
IPEA,IPEA200,0.013,0.1016,0.1451,0
IPEA,IPEA220,0.0069,0.1428,0.2439,0
IPEA,IPEA240,0.0157,0.0241,0.0573,0
IPEA,IPEA270,0.0062,0.0461,0.0071,0
IPEA,IPEA300,0.0021,0.0563,0.005,0
IPEA,IPEA330,0.0011,0.3115,0.0236,0
IPEA,IPEA360,0.0144,0.1144,0.0289,0
IPEA,IPEA400,0.0526,0.0271,0.0515,0
IPEA,IPEA450,0.0027,0.13,0.1609,0
IPEA,IPEA500,0.0035,0.085,0.0394,0
IPEA,IPEA550,0.0033,0.0264,0.0928,0
IPEA,IPEA600,0.0206,0.0297,0.1186,0
IPEAA,IPEAA80,0.0612,0.0008,0.0044,0
IPEAA,IPEAA100,0.0103,0.0652,0.2575,0
IPEAA,IPEAA120,0.0331,0.0697,0.1019,0
IPEAA,IPEAA140,0.0088,0.1193,0.0899,0
IPEAA,IPEAA160,0.0862,0.0508,0.0014,0
IPEAA,IPEAA180,0.0126,0.0181,0.0233,0
IPEAA,IPEAA200,0.0133,0.2339,0.1516,0
IPEAA,IPEAA220,0.012,0.0576,0.1772,0
IPEAA,IPEAA240,0.0115,0.1352,0.1719,0
IPEO,IPEO180,0.0133,0.3534,0.2506,0
IPEO,IPEO200,0.0126,0.0541,0.0799,0
IPEO,IPEO220,0.0044,0.1353,0.0722,0
IPEO,IPEO240,0.0102,0.0093,0.1661,0
IPEO,IPEO270,0.0029,0.0362,0.1005,0
IPEO,IPEO300,0.0007,0.0475,0.0374,0
IPEO,IPEO330,0.0008,0.0815,0.0407,0
IPEO,IPEO360,0.0081,0.2558,0.0985,0
IPEO,IPEO400,0.0026,0.1905,0.2732,0
IPEO,IPEO450,0.031,0.0632,0.2586,0
IPEO,IPEO500,0.0084,0.034,0.0673,0
IPEO,IPEO550,0.0119,0.0478,0.1369,0
IPEO,IPEO600,0.0141,0.2609,0.0173,0
IPEO,IPE750x137,0.0059,0.0735,0.0798,0
IPEO,IPE750x147,0.0039,0.0416,0.0104,0
IPEO,IPE750x173,0.0162,0.0826,0.0501,0
IPEO,IPE750x196,0.0095,0.1188,0.0608,0
HE,HE300C,0.0055,0.116,0.2653,0
HE,HE400x299,0.002,0.1284,0.036,0
HE,HE400x347,0.0028,0.2424,0.0338,0
HE,HE400x403,0.0015,0.1064,0.1328,0
HE,HE404x468,0.008,0.0718,0.0788,0
HE,HE450x312,0.0095,0.2029,0.1153,0
HE,HE450x368,0.0069,0.1788,0.026,0
HE,HE450x436,0.004,0.1098,0.0326,0
HE,HE450x519,0.0042,0.119,0.0077,0
HE,HE500x320,0.0019,0.2043,0.0583,0
HE,HE500x379,0.0057,0.1611,0.0148,0
HE,HE500x451,0.0048,0.003,0.1044,0
HE,HE500x534,0.007,0.0353,0.0734,0
HE,HE550x330,0.0066,0.0509,0.0911,0
HE,HE550x393,0.0055,0.1003,0.158,0
HE,HE550x466,0.0055,0.0573,0.1036,0
HE,HE550x552,0.0046,0.025,0.062,0
HE,HE600x340,0.0064,0.0342,0.041,0
HE,HE600x402,0.0015,0.0145,0.1345,0
HE,HE600x477,0.0012,0.0552,0.1473,0
HE,HE600x564,0.0045,0.0581,0.0091,0
HE,HE650x347,0.0028,0.13,0.0291,0
HE,HE650x410,0.0062,0.0257,0.0118,0
HE,HE650x487,0.0052,0.0097,0.1023,0
HE,HE650x579,0.0037,0.0085,0.0783,0
HE,HE700x356,0.0105,0.0791,0.0702,0
HE,HE700x421,0.0051,0.0181,0.1934,0
HE,HE700x500,0.0043,0.0131,0.0953,0
HE,HE700x594,0.0016,0.025,0.0642,0
HE,HE800x377,0.0005,0.0793,0.0318,0
HE,HE800x448,0.0101,0.0673,0.0181,0
HE,HE800x531,0.0085,0.0003,0.02,0
HE,HE800x627,0.0022,0.0003,0.1134,0
HE,HE900x396,0.0075,0.0595,0.0293,0
HE,HE900x471,0.0063,0.0606,0.1529,0
HE,HE900x557,0.0053,0.0448,0.0356,0
HE,HE900x661,0.0015,0.2973,0.0933,0
HE,HE1000x415,0.0004,0.0171,0.0347,0
HE,HE1000x494,0.006,0.1957,0.0906,0
HE,HE1000x584,0.0051,0.3123,0.1006,0
HE,HE1000x694,0.0043,0.1633,0.0043,0
HEA,HE100A,0.0092,0.0716,0.1402,0
HEA,HE120A,0.0077,0.0314,0.0443,0
HEA,HE140A,0.0062,0.3093,0.0829,0
HEA,HE160A,0.0115,0.1851,0.0689,0
HEA,HE180A,0.0098,0.0175,0.0424,0
HEA,HE200A,0.0104,0.0657,0.3347,0
HEA,HE220A,0.0087,0.0007,0.2772,0
HEA,HE240A,0.002,0.048,0.0427,0
HEA,HE260A,0.0083,0.5365,0.066,0
HEA,HE280A,0.0125,0.1876,0.0558,0
HEA,HE300A,0.0334,0.1916,0.0066,0
HEA,HE320A,0.018,0.1321,0.0754,0
HEA,HE340A,0.013,0.0181,0.0534,0
HEA,HE360A,0.0227,0.0244,0.0396,0
HEA,HE400A,0.0078,0.0618,0.0451,0
HEA,HE450A,0.0211,0.0395,0.0567,0
HEA,HE500A,0.0241,0.0239,0.3165,0
HEA,HE550A,0.0153,0.0556,0.1767,0
HEA,HE600A,0.0143,0.1523,0.2535,0
HEA,HE650A,0.0197,0.1064,0.2044,0
HEA,HE700A,0.0048,0.1445,0.1735,0
HEA,HE800A,0.0132,0.1512,0.3073,0
HEA,HE900A,0.0118,0.0225,0.3858,0
HEA,HE1000A,0.0167,0.0233,0.0322,0
HEAA,HE100AA,0.0125,0.2256,0.0411,0
HEAA,HE120AA,0.0218,0.0971,0.1216,0
HEAA,HE140AA,0.0262,0.068,0.0622,0
HEAA,HE160AA,0.0146,0.2339,0.0565,0
HEAA,HE180AA,0.0122,0.1497,0.0035,0
HEAA,HE200AA,0.0127,0.1557,0.1403,0
HEAA,HE220AA,0.0109,0.0134,0.033,0
HEAA,HE240AA,0.0025,0.0732,0.1416,0
HEAA,HE260AA,0.0104,0.0176,0.0694,0
HEAA,HE280AA,0.0156,0.387,0.1165,0
HEAA,HE300AA,0.0085,0.0401,0.0748,0
HEAA,HE320AA,0.008,0.2989,0.0178,0
HEAA,HE340AA,0.0125,0.2338,0.092,0
HEAA,HE360AA,0.0165,0.1718,0.009,0
HEAA,HE400AA,0.0064,0.1757,0.0242,0
HEAA,HE450AA,0.0255,0.0211,0.04,0
HEAA,HE500AA,0.0091,0.0874,0.0615,0
HEAA,HE550AA,0.0311,0.0318,0.0509,0
HEAA,HE600AA,0.0198,0.0233,0.0496,0
HEAA,HE650AA,0.0184,0.0421,0.0089,0
HEAA,HE700AA,0.0249,0.1889,0.0405,0
HEAA,HE800AA,0.001,0.049,0.0465,0
HEAA,HE900AA,0.015,0.0548,0.0157,0
HEAA,HE1000AA,0.0063,0.1173,0.0092,0
HEB,HE100B,0.1463,0.1269,0.1637,0
HEB,HE120B,0.0237,0.0476,0.165,0
HEB,HE140B,0.0976,0.0472,0.0604,0
HEB,HE160B,0.0839,0.085,0.0268,0
HEB,HE180B,0.0698,0.0335,0.2096,0
HEB,HE200B,0.0184,0.0624,0.1688,0
HEB,HE220B,0.0501,0.0161,0.1152,0
HEB,HE240B,0.008,0.3553,0.0681,0
HEB,HE260B,0.3832,0.136,0.0884,0
HEB,HE280B,0.2841,0.1489,0.0689,0
HEB,HE300B,0.0588,0.1305,0.0334,0
HEB,HE320B,0.219,0.0818,0.0124,0
HEB,HE340B,0.054,0.1136,0.0003,0
HEB,HE360B,0.1975,0.0102,0.4079,0
HEB,HE400B,0.1073,0.029,0.1766,0
HEB,HE450B,0.0057,0.0112,0.1826,0
HEB,HE500B,0.1475,0.1684,0.1901,0
HEB,HE550B,0.0128,0.2216,0.1761,0
HEB,HE600B,0.012,0.0279,0.2243,0
HEB,HE650B,0.1215,0.1782,0.1141,0
HEB,HE700B,0.1267,0.0398,0.284,0
HEB,HE800B,0.0562,0.0276,0.025,0
HEB,HE900B,0.0776,0.0171,0.101,0
HEB,HE1000B,0.0144,0.0352,0.1483,0
HEM,HE100M,0.0037,0.2313,0.0385,0
HEM,HE120M,0.0029,0.1182,0.0316,0
HEM,HE140M,0.0024,0.0432,0.3813,0
HEM,HE160M,0.0046,0.0317,0.0698,0
HEM,HE180M,0.0402,0.0439,0.0051,0
HEM,HE200M,0.011,0.3979,0.0335,0
HEM,HE220M,0.0305,0.0354,0.0411,0
HEM,HE240M,0.0043,0.041,0.0324,0
HEM,HE260M,0.0238,0.0246,0.4674,0
HEM,HE280M,0.0116,0.1305,0.2819,0
HEM,HE300M,0.0041,0.0042,0.0161,0
HEM,HE320M,0.0185,0.0536,0.0476,0
HEM,HE340M,0.0119,0.0346,0.0546,0
HEM,HE360M,0.0055,0.0363,0.1118,0
HEM,HE400M,0.0038,0.1171,0.1842,0
HEM,HE450M,0.0142,0.388,0.2026,0
HEM,HE500M,0.0022,0.0411,0.2356,0
HEM,HE550M,0.0035,0.0053,0.2163,0
HEM,HE600M,0.0089,0.1916,0.1289,0
HEM,HE650M,0.0127,0.1151,0.1094,0
HEM,HE700M,0.0072,0.0873,0.0134,0
HEM,HE800M,0.0055,0.0873,0.1475,0
HEM,HE900M,0.0089,0.0796,0.2817,0
HEM,HE1000M,0.004,0.0449,0.2195,0
HD,HD260x54.1,0.0104,0.0176,0.0694,0
HD,HD260x68.2,0.0083,0.5365,0.066,0
HD,HD260x93,0.0441,0.136,0.1063,0
HD,HD260x114,0.0255,0.0688,0.0638,0
HD,HD260x142,0.0127,0.133,0.0515,0
HD,HD260x172,0.0238,0.0246,0.4674,0
HD,HD260x225,0.0027,0.1079,0.1884,0
HD,HD260x299,0.0006,0.0306,0.1365,0
HD,HD320x74.2,0.008,0.2989,0.0178,0
HD,HD320x97.6,0.018,0.1321,0.0754,0
HD,HD320x127,0.0326,0.0818,0.0124,0
HD,HD320x158,0.0261,0.1165,0.3599,0
HD,HD320x198,0.0109,0.005,0.0702,0
HD,HD320x245,0.0185,0.0536,0.0476,0
HD,HD320x300,0.0059,0.0075,0.0111,0
HD,HD320x368,0.0048,0.1685,0.0105,0
HD,HD320x451,0.0056,0.1314,0.0325,0
HD,HD360x134,0.0085,0.0228,0.1426,0
HD,HD360x147,0.0194,0.023,0.1339,0
HD,HD360x162,0.0018,0.0775,0.2047,0
HD,HD360x179,0.0182,0.0717,0.0822,0
HD,HD360x196,0.0099,0.0521,0.183,0
HD,HD400x187,0.0061,0.0263,0.0921,0
HD,HD400x216,0.0005,0.0551,0.1902,0
HD,HD400x237,0.0063,0.0276,0.1344,0
HD,HD400x262,0.002,0.0076,0.0538,0
HD,HD400x287,0.0062,0.0069,0.0438,0
HD,HD400x314,0.0109,0.2118,0.0087,0
HD,HD400x347,0.0087,0.0438,0.031,0
HD,HD400x382,0.0094,0.2253,0.0297,0
HD,HD400x421,0.0006,0.2613,0.0308,0
HD,HD400x463,0.0071,0.0903,0.0528,0
HD,HD400x509,0.0082,0.2591,0.0012,0
HD,HD400x551,0.0019,0.0491,0.0064,0
HD,HD400x592,0.0026,0.0646,0.0314,0
HD,HD400x634,0.0041,0.0627,0.0519,0
HD,HD400x677,0.0017,0.1766,0.1202,0
HD,HD400x744,0.004,0.0356,0.0568,0
HD,HD400x818,0.0301,0.0489,0.3464,0
HD,HD400x900,0.017,0.0455,0.222,0
HD,HD400x990,0.0328,0.0178,0.2075,0
HD,HD400x1086,0.0177,0.0463,0.1264,0
HL,HL920x342,0.0014,0.0155,0.0379,0
HL,HL920x365,0.0018,0.0765,0.0566,0
HL,HL920x387,0.0007,0.0491,0.0537,0
HL,HL920x417,0.0006,0.0551,0.0581,0
HL,HL920x446,0.0014,0.0189,0.0417,0
HL,HL920x488,0.0007,0.043,0.0153,0
HL,HL920x534,0.0011,0.1212,0.0602,0
HL,HL920x585,0.0014,0.2724,0.0446,0
HL,HL920x653,0.0015,0.1654,0.0582,0
HL,HL920x784,0.0012,0.1605,0.2956,0
HL,HL920x967,0.0032,0.1285,0.1066,0
HL,HL920x344,0.004,0.0011,0.0254,0
HL,HL920x368,0.0011,0.0341,0.0446,0
HL,HL920x390,0.0041,0.0338,0.0652,0
HL,HL920x420,0.0038,0.0429,0.0689,0
HL,HL920x449,0.0053,0.0304,0.0521,0
HL,HL920x491,0.0001,0.0359,0.0054,0
HL,HL920x537,0.0016,0.4155,0.0695,0
HL,HL920x588,0.0002,0.1051,0.0533,0
HL,HL920x656,0.0025,0.3459,0.0504,0
HL,HL920x725,0.0042,0.166,0.003,0
HL,HL920x787,0.0038,0.2546,0.2896,0
HL,HL920x970,0.0009,0.0093,0.1097,0
HL,HL1000AA,0.0039,0.0547,0.1339,0
HL,HL1000A,0.0019,0.0677,0.064,0
HL,HL1000B,0.0021,0.0298,0.0454,0
HL,HL1000M,0.003,0.0551,0.0185,0
HL,HL1000x443,0.0055,0.0556,0.005,0
HL,HL1000x483,0.0048,0.2329,0.0232,0
HL,HL1000x539,0.0019,0.2136,0.0556,0
HL,HL1000x554,0.0025,0.1948,0.0029,0
HL,HL1000x591,0.0055,0.0798,0.0215,0
HL,HL1000x642,0.0071,0.0424,0.0222,0
HL,HL1000x748,0.0061,0.1138,0.0133,0
HL,HL1000x883,0.0034,0.1694,0.0264,0
HL,HL1100A,0.0048,0.0463,0.0706,0
HL,HL1100B,0.0078,0.5411,0.0618,0
HL,HL1100M,0.0002,0.3905,0.0226,0
HL,HL1100R,0.003,0.3158,0.0317,0
UPN,UPN50,0.0164,0.006,0.0662,0
UPN,UPN65,0.0298,0.0516,0.1658,0
UPN,UPN80,0.2153,0.0641,0.2195,0
UPN,UPN100,0.3413,0.1713,0.1625,0
UPN,UPN120,0.0737,0.0923,0.0912,0
UPN,UPN140,0.1461,0.0289,0.0268,0
UPN,UPN160,0.0617,0.0257,0.0549,0
UPN,UPN180,0.1205,0.2915,0.4385,0
UPN,UPN200,0.0452,0.049,0.1684,0
UPN,UPN220,0.1194,0.0444,0.0642,0
UPN,UPN240,0.0176,0.0312,0.1751,0
UPN,UPN260,0.0345,0.0891,0.0821,0
UPN,UPN280,0.0389,0.0631,0.0461,0
UPN,UPN300,0.062,0.0271,0.0275,0
UPN,UPN320,0.8276,1.4054,1.6896,0
UPN,UPN350,0.8383,0.8335,1.6492,0
UPN,UPN380,0.8003,1.4224,1.73,0
UPN,UPN400,0.7465,1.3158,1.0033,0
UE,UE50,0.698,0.6002,2.8824,0
UE,UE65,0.7376,0.4587,3.4406,0
UE,UE80,0.7601,0.4616,3.8603,0
UE,UE100,0.2979,0.5895,5.1553,0
UE,UE120,0.823,0.5921,5.6744,0
UE,UE140,0.3695,0.5254,6.4663,0
UE,UE160,0.5864,0.5363,7.2986,0
UE,UE180,0.6284,0.8562,7.979,0
UE,UE200,0.6677,0.38,9.126,0
UE,UE220,0.5682,0.5253,8.7405,0
UE,UE240,0.5099,0.4483,9.459,0
UE,UE270,0.5451,0.4454,9.7156,0
UE,UE300,0.6888,0.5818,9.7853,0
UPE,UPE80,0.2983,0.1964,0.3367,0
UPE,UPE100,0.039,0.0612,0.2224,0
UPE,UPE120,0.1235,0.1307,0.1812,0
UPE,UPE140,0.1034,0.0845,0.124,0
UPE,UPE160,0.1197,0.0113,0.1622,0
UPE,UPE180,0.0559,0.2589,0.2034,0
UPE,UPE200,0.0224,0.0326,0.1601,0
UPE,UPE220,0.0988,0.0933,0.2276,0
UPE,UPE240,0.0447,0.0294,0.02,0
UPE,UPE270,0.0942,0.0898,0.0015,0
UPE,UPE300,0.0304,0.044,0.0641,0
UPE,UPE330,0.0401,0.0723,0.0688,0
UPE,UPE360,0.0164,0.1753,0.0353,0
UPE,UPE400,0.0357,0.0888,0.4541,0
UAP,UAP80,0.0457,0.1271,0.1373,0
UAP,UAP100,0.033,0.2346,0.0833,0
UAP,UAP130,0.0116,0.0925,0.0741,0
UAP,UAP150,0.1658,0.2091,0.2488,0
UAP,UAP175,0.3147,0.3874,0.6228,0
UAP,UAP200,0.1533,0.024,0.1465,0
UAP,UAP220,0.1557,0.1768,0.1742,0
UAP,UAP250,0.1428,0.0803,0.1756,0
UAP,UAP300,0.0008,0.0057,0.0137,0
LE,L20x20x3,0.0121,0.0113,0.0113,0
LE,L22x22x3,0.0112,0.5407,0.5407,0
LE,L25x25x3,0.0095,0.0002,0.0002,0
LE,L25x25x4,0.0073,0.1603,0.1603,0
LE,L28x28x3,0.1775,0.4654,0.4654,0
LE,L30x30x3,0.0076,0.3386,0.3386,0
LE,L30x30x4,0.0059,0.1469,0.1469,0
LE,L32x32x3,0.2071,0.5719,0.5719,0
LE,L32x32x4,0.1585,0.3889,0.3889,0
LE,L35x35x3,0.1536,0.3905,0.3905,0
LE,L35x35x4,0.005,0.1347,0.1347,0
LE,L36x36x3,0.1835,0.3226,0.3226,0
LE,L36x36x4,0.1401,0.3934,0.3934,0
LE,L40x40x3,0.0558,0.6995,0.6995,0
LE,L40x40x4,0.0101,0.0617,0.0617,0
LE,L40x40x5,0.0082,0.0594,0.0594,0
LE,L45x45x3,0.6252,0.8963,0.8963,0
LE,L45x45x4,0.0097,0.0203,0.0203,0
LE,L45x45x4.5,0.0041,0.0348,0.0348,0
LE,L45x45x5,0.0079,0.0078,0.0078,0
LE,L50x50x4,0.0087,0.0388,0.0388,0
LE,L50x50x5,0.0071,0.3289,0.3289,0
LE,L50x50x6,0.006,0.3139,0.3139,0
LE,L50x50x7,0.0052,0.0719,0.0719,0
LE,L55x55x5,0.0041,0.097,0.097,0
LE,L55x55x6,0.0035,0.0783,0.0783,0
LE,L56x56x4,0.0042,0.0016,0.0016,0
LE,L56x56x5,0.0034,0.1805,0.1805,0
LE,L56x56x6,0.0028,0.0319,0.0319,0
LE,L60x60x4,0.0047,0.1636,0.1636,0
LE,L60x60x5,0.0038,0.1551,0.1551,0
LE,L60x60x6,0.0032,0.0368,0.0368,0
LE,L60x60x8,0.0024,0.1633,0.1633,0
LE,L63x63x4,0.052,0.2234,0.2234,0
LE,L63x63x5,0.0421,0.1947,0.1947,0
LE,L63x63x6,0.0354,0.1531,0.1531,0
LE,L65x65x6,0.0007,0.0488,0.0488,0
LE,L65x65x7,0.0006,0.0918,0.0918,0
LE,L65x65x8,0.0005,0.0315,0.0315,0
LE,L70x70x5,0.0551,0.1742,0.1742,0
LE,L70x70x6,0.0006,0.0474,0.0474,0
LE,L70x70x7,0.0005,0.0088,0.0088,0
LE,L70x70x8,0.0237,0.077,0.077,0
LE,L70x70x9,0.0248,0.0665,0.0665,0
LE,L75x75x4,0.3091,1.0211,1.0211,0
LE,L75x75x5,0.0007,0.0735,0.0735,0
LE,L75x75x6,0.0006,0.0597,0.0597,0
LE,L75x75x7,0.0292,0.016,0.016,0
LE,L75x75x8,0.0258,0.046,0.046,0
LE,L75x75x10,0.0209,0.0359,0.0359,0
LE,L80x80x5,0.006,0.0831,0.0831,0
LE,L80x80x6,0.005,0.0383,0.0383,0
LE,L80x80x7,0.0234,0.0229,0.0229,0
LE,L80x80x8,0.0206,0.0616,0.0616,0
LE,L80x80x10,0.0168,0.0011,0.0011,0
LE,L90x90x6,0.024,0.0262,0.0262,0
LE,L90x90x7,0.0003,0.0602,0.0602,0
LE,L90x90x8,0.0003,0.3641,0.3641,0
LE,L90x90x9,0.0002,0.147,0.147,0
LE,L90x90x10,0.0002,0.0698,0.0698,0
LE,L90x90x11,0.0002,0.262,0.262,0
LE,L100x100x6,0.0403,0.0437,0.0437,0
LE,L100x100x7,0.0348,0.1529,0.1529,0
LE,L100x100x8,0.0307,0.1124,0.1124,0
LE,L100x100x10,0.0248,0.1859,0.1859,0
LE,L100x100x12,0.0209,0.1533,0.1533,0
LE,L110x110x8,0.0278,0.1468,0.1468,0
LE,L110x110x10,0.0077,0.0117,0.0117,0
LE,L110x110x12,0.0065,0.0384,0.0384,0
LE,L120x120x8,0.0087,0.1652,0.1652,0
LE,L120x120x10,0.007,0.0226,0.0226,0
LE,L120x120x11,0.0064,0.1082,0.1082,0
LE,L120x120x12,0.0059,0.093,0.093,0
LE,L120x120x13,0.0055,0.0073,0.0073,0
LE,L120x120x15,0.0048,0.0273,0.0273,0
LE,L120x120x16,0.0601,0.0842,0.0842,0
LE,L125x125x8,0.0492,0.2185,0.2185,0
LE,L125x125x10,0.1248,0.3291,0.3291,0
LE,L125x125x12,0.0335,0.1835,0.1835,0
LE,L125x125x14,0.0889,0.258,0.258,0
LE,L130x130x10,0.0025,0.0277,0.0277,0
LE,L130x130x12,0.0021,0.0344,0.0344,0
LE,L130x130x13,0.002,0.0971,0.0971,0
LE,L130x130x14,0.0018,0.0095,0.0095,0
LE,L130x130x16,0.0016,0.0093,0.0093,0
LE,L140x140x10,0.1537,0.3128,0.3128,0
LE,L140x140x12,0.0056,0.207,0.207,0
LE,L140x140x14,0.0485,0.2395,0.2395,0
LE,L150x150x10,0.0175,0.0032,0.0032,0
LE,L150x150x12,0.0147,0.0145,0.0145,0
LE,L150x150x13,0.0396,0.0416,0.0416,0
LE,L150x150x14,0.0127,0.0444,0.0444,0
LE,L150x150x15,0.0119,0.0034,0.0034,0
LE,L150x150x16,0.0331,0.0356,0.0356,0
LE,L150x150x18,0.01,0.0053,0.0053,0
LE,L150x150x20,0.0442,0.3123,0.3123,0
LE,L160x160x10,0.0338,0.2508,0.2508,0
LE,L160x160x12,0.0789,0.2261,0.2261,0
LE,L160x160x14,0.0014,0.3642,0.3642,0
LE,L160x160x15,0.0013,0.1084,0.1084,0
LE,L160x160x16,0.0012,0.2304,0.2304,0
LE,L160x160x17,0.0011,0.4403,0.4403,0
LE,L180x180x12,0.0195,0.1996,0.1996,0
LE,L180x180x13,0.004,0.2817,0.2817,0
LE,L180x180x14,0.0037,0.2069,0.2069,0
LE,L180x180x15,0.0035,0.0932,0.0932,0
LE,L180x180x16,0.0033,0.1423,0.1423,0
LE,L180x180x17,0.0031,0.2961,0.2961,0
LE,L180x180x18,0.0029,0.2371,0.2371,0
LE,L180x180x19,0.0028,0.2589,0.2589,0
LE,L180x180x20,0.0026,0.1391,0.1391,0
LE,L200x200x14,0.0217,0.2346,0.2346,0
LE,L200x200x15,0.0031,0.0359,0.0359,0
LE,L200x200x16,0.0029,0.0559,0.0559,0
LE,L200x200x17,0.0028,0.0591,0.0591,0
LE,L200x200x18,0.0026,0.0118,0.0118,0
LE,L200x200x19,0.0025,0.145,0.145,0
LE,L200x200x20,0.0024,0.0189,0.0189,0
LE,L200x200x21,0.0023,0.1081,0.1081,0
LE,L200x200x22,0.0022,0.1325,0.1325,0
LE,L200x200x23,0.0021,0.1003,0.1003,0
LE,L200x200x24,0.002,0.0185,0.0185,0
LE,L200x200x25,0.0019,0.1067,0.1067,0
LE,L200x200x26,0.0018,0.0099,0.0099,0
LE,L250x250x20,0.0019,0.0436,0.0436,0
LE,L250x250x21,0.0379,0.0487,0.0487,0
LE,L250x250x22,0.0078,0.0216,0.0216,0
LE,L250x250x23,0.038,0.0423,0.0423,0
LE,L250x250x24,0.0103,0.0435,0.0435,0
LE,L250x250x25,0.0015,0.0612,0.0612,0
LE,L250x250x26,0.0095,0.0599,0.0599,0
LE,L250x250x27,0.0326,0.0376,0.0376,0
LE,L250x250x28,0.0062,0.0367,0.0367,0
LE,L250x250x35,0.0011,0.0375,0.0375,0
LU,L25x16x3,0.012,0.0463,0.1132,0
LU,L30x20x3,0.1962,0.2003,0.4974,0
LU,L30x20x4,0.1508,0.0667,0.5052,0
LU,L32x20x3,0.0094,0.0793,0.0799,0
LU,L40x25x3,0.1492,0.1258,0.2339,0
LU,L40x25x4,0.114,0.0044,0.183,0
LU,L40x25x5,0.0929,0.0228,0.0672,0
LU,L45x28x4,0.0468,0.0898,0.2076,0
LU,L45x30x4,0.0981,0.0096,0.1012,0
LU,L45x30x5,0.0797,0.0599,0.2396,0
LU,L50x30x4,0.0426,0.0758,0.3141,0
LU,L50x30x5,0.0346,0.1811,0.622,0
LU,L50x32x3,0.0451,0.0865,0.2396,0
LU,L50x32x4,0.0344,0.0408,0.0011,0
LU,L56x36x4,0.0051,0.246,0.1291,0
LU,L56x36x5,0.0041,0.1755,0.1177,0
LU,L60x40x5,0.0274,0.0886,0.2551,0
LU,L60x40x6,0.0231,0.2028,0.1377,0
LU,L60x40x7,0.02,0.1944,0.249,0
LU,L63x40x4,0.0638,0.2058,0.035,0
LU,L63x40x5,0.0518,0.0473,0.0189,0
LU,L63x40x6,0.0437,0.0289,0.0668,0
LU,L65x50x5,0.0237,0.1049,0.2681,0
LU,L65x50x6,0.0199,0.1056,0.1792,0
LU,L65x50x7,0.0173,0.0207,0.0449,0
LU,L65x50x8,0.0152,0.0576,0.2078,0
LU,L70x45x5,0.0722,0.1311,0.0538,0
LU,L70x45x6,0.0609,0.0599,0.3697,0
LU,L75x50x5,0.044,5.4548,0.0795,0
LU,L75x50x6,0.037,0.0871,0.2971,0
LU,L75x50x7,0.032,0.0029,0.383,0
LU,L75x50x8,0.0283,0.0462,0.4293,0
LU,L80x50x5,0.0594,0.0882,0.1668,0
LU,L80x50x6,0.05,0.0349,0.3084,0
LU,L80x50x8,0.0383,0.0218,0.2545,0
LU,L80x60x6,0.015,0.0707,0.0169,0
LU,L80x60x7,0.013,0.0029,0.2516,0
LU,L80x60x8,0.2715,0.1186,0.2665,0
LU,L90x56x6,0.0537,0.0224,0.0915,0
LU,L90x56x8,0.2195,0.0339,0.0894,0
LU,L90x60x6,0.014,0.0726,0.0215,0
LU,L90x60x8,0.2525,0.012,0.1012,0
LU,L100x63x8,0.253,0.0326,0.022,0
LU,L100x63x10,0.2056,0.1084,0.0703,0
LU,L100x65x7,0.0227,0.4442,0.0607,0
LU,L100x65x8,0.02,0.1633,0.0728,0
LU,L100x65x9,0.0179,0.2577,0.0104,0
LU,L100x65x10,0.0162,0.0291,0.0355,0
LU,L100x65x12,0.0137,0.2152,0.0565,0
LU,L110x70x8,0.0135,0.2685,0.0689,0
LU,L110x70x10,0.0148,0.1843,0.0518,0
LU,L110x70x12,0.0125,0.222,0.0519,0
LU,L120x80x8,0.0002,0.1561,0.054,0
LU,L120x80x10,0.0002,0.1719,0.0106,0
LU,L120x80x12,0.0002,0.0542,0.2894,0
LU,L125x75x8,0.0002,0.1202,0.0112,0
LU,L125x75x9,0.0002,0.0055,0.0574,0
LU,L125x75x10,0.0002,0.0065,0.0598,0
LU,L125x75x12,0.0002,0.0106,0.017,0
LU,L125x80x8,0.2423,0.1469,0.063,0
LU,L125x80x10,0.0062,0.1251,0.4659,0
LU,L125x80x12,0.1657,0.0579,0.1351,0
LU,L130x90x10,0.0123,0.098,0.1492,0
LU,L130x90x12,0.0189,0.0886,0.3228,0
LU,L130x90x14,0.009,0.0851,0.0321,0
LU,L140x90x8,0.0002,0.0002,0.2041,0
LU,L140x90x10,0.0002,0.0264,0.0467,0
LU,L140x90x12,0.0001,0.0265,0.2205,0
LU,L140x90x14,0.0001,0.0113,0.1459,0
LU,L150x75x9,0.0243,0.0406,0.0111,0
LU,L150x75x10,0.022,0.0812,0.0435,0
LU,L150x75x11,0.0201,0.0029,0.0312,0
LU,L150x75x12,0.0185,0.0647,0.0521,0
LU,L150x90x10,0.0205,0.0255,0.0474,0
LU,L150x90x11,0.0188,0.0473,0.2211,0
LU,L150x90x12,0.0537,0.0465,0.0815,0
LU,L150x90x15,0.014,0.0103,0.264,0
LU,L150x100x10,0.0197,0.0733,0.2388,0
LU,L150x100x12,0.0166,0.0826,0.1804,0
LU,L150x100x14,0.0143,0.0547,0.0461,0
LU,L160x100x10,0.1795,0.0226,0.0925,0
LU,L160x100x12,0.0493,0.0808,0.2318,0
LU,L160x100x14,0.0152,0.0838,0.1704,0
LU,L160x100x16,0.0134,0.0397,8.5523,0
LU,L200x100x10,0.0062,0.1174,0.156,0
LU,L200x100x12,0.0052,0.0028,0.0843,0
LU,L200x100x14,0.0045,0.2494,0.0823,0
LU,L200x100x15,0.0191,0.0878,0.0327,0
T,T30,0.0161,0.1104,0.0022,0
T,T35,0.0014,0.0728,0.3079,0
T,T40,0.0126,0.0285,0.15,0
T,T50,0.2359,0.2049,1.3157,0
T,T60,0.0038,0.1633,0.0305,0
T,T70,0.015,0.0393,0.2017,0
T,T80,0.0296,0.0325,0.1166,0
T,T100,0.009,0.102,0.0412,0
T,T120,0.0163,0.1094,0.2653,0
T,T140,0.0092,0.0556,0.0465,0
SHS,SHS40x2.6,0.0796,0.0,0.0,0
SHS,SHS40x3.2,0.0079,0.0,0.0,0
SHS,SHS40x4,0.0346,0.0,0.0,0
SHS,SHS40x5,0.0201,0.0,0.0,0
SHS,SHS50x2.6,0.0626,0.0,0.0,0
SHS,SHS50x3.2,0.0062,0.0,0.0,0
SHS,SHS50x4,0.0269,0.0,0.0,0
SHS,SHS50x5,0.0155,0.0,0.0,0
SHS,SHS50x6.3,0.0566,0.0,0.0,0
SHS,SHS60x2.6,0.0516,0.0,0.0,0
SHS,SHS60x3.2,0.0051,0.0,0.0,0
SHS,SHS60x4,0.022,0.0,0.0,0
SHS,SHS60x5,0.293,0.0,0.0,0
SHS,SHS60x6.3,0.1069,0.0,0.0,0
SHS,SHS60x8,0.2983,0.0,0.0,0
SHS,SHS70x3.2,0.4805,0.0,0.0,0
SHS,SHS70x4,0.1147,0.0,0.0,0
SHS,SHS70x5,0.2469,0.0,0.0,0
SHS,SHS70x6.3,0.2179,0.0,0.0,0
SHS,SHS70x8,0.2486,0.0,0.0,0
SHS,SHS80x3.2,0.0037,0.0,0.0,0
SHS,SHS80x4,0.0994,0.0,0.0,0
SHS,SHS80x5,0.2133,0.0,0.0,0
SHS,SHS80x6.3,0.2983,0.0,0.0,0
SHS,SHS80x8,0.2131,0.0,0.0,0
SHS,SHS90x4,0.0877,0.0,0.0,0
SHS,SHS90x5,0.1877,0.0,0.0,0
SHS,SHS90x6.3,0.1256,0.0,0.0,0
SHS,SHS90x8,0.1865,0.0,0.0,0
SHS,SHS100x4,0.0785,0.0,0.0,0
SHS,SHS100x5,0.1677,0.0,0.0,0
SHS,SHS100x6.3,0.0259,0.0,0.0,0
SHS,SHS100x8,0.1657,0.0,0.0,0
SHS,SHS100x10,0.0728,0.0,0.0,0
SHS,SHS120x5,0.1381,0.0,0.0,0
SHS,SHS120x6.3,0.1206,0.0,0.0,0
SHS,SHS120x8,0.1356,0.0,0.0,0
SHS,SHS120x10,0.0592,0.0,0.0,0
SHS,SHS120x12.5,0.0867,0.0,0.0,0
SHS,SHS140x5,0.1174,0.0,0.0,0
SHS,SHS140x6.3,0.0781,0.0,0.0,0
SHS,SHS140x8,0.1147,0.0,0.0,0
SHS,SHS140x10,0.0499,0.0,0.0,0
SHS,SHS140x12.5,0.0728,0.0,0.0,0
SHS,SHS150x5,0.1092,0.0,0.0,0
SHS,SHS150x6.3,0.0168,0.0,0.0,0
SHS,SHS150x8,0.1066,0.0,0.0,0
SHS,SHS150x10,0.0463,0.0,0.0,0
SHS,SHS150x12.5,0.0673,0.0,0.0,0
SHS,SHS150x14.2,0.0432,0.0,0.0,0
SHS,SHS150x16,0.0109,0.0,0.0,0
SHS,SHS160x5,0.1021,0.0,0.0,0
SHS,SHS160x6.3,0.0366,0.0,0.0,0
SHS,SHS160x8,0.0994,0.0,0.0,0
SHS,SHS160x10,0.0431,0.0,0.0,0
SHS,SHS160x12.5,0.0627,0.0,0.0,0
SHS,SHS160x16,0.0101,0.0,0.0,0
SHS,SHS180x5,0.0904,0.0,0.0,0
SHS,SHS180x6.3,0.1247,0.0,0.0,0
SHS,SHS180x8,0.0877,0.0,0.0,0
SHS,SHS180x10,0.038,0.0,0.0,0
SHS,SHS180x12.5,0.055,0.0,0.0,0
SHS,SHS180x14.2,0.0083,0.0,0.0,0
SHS,SHS180x16,0.205,0.0,0.0,0
SHS,SHS200x5,0.081,0.0,0.0,0
SHS,SHS200x6.3,0.0124,0.0,0.0,0
SHS,SHS200x8,0.0785,0.0,0.0,0
SHS,SHS200x10,0.0339,0.0,0.0,0
SHS,SHS200x12.5,0.0491,0.0,0.0,0
SHS,SHS200x14.2,0.3569,0.0,0.0,0
SHS,SHS200x16,0.0079,0.0,0.0,0
SHS,SHS220x6.3,0.0637,0.0,0.0,0
SHS,SHS220x8,0.071,0.0,0.0,0
SHS,SHS220x10,0.0307,0.0,0.0,0
SHS,SHS220x12.5,0.0537,0.0,0.0,0
SHS,SHS220x14.2,0.2369,0.0,0.0,0
SHS,SHS220x16,0.1492,0.0,0.0,0
SHS,SHS250x6.3,0.0098,0.0,0.0,0
SHS,SHS250x8,0.0622,0.0,0.0,0
SHS,SHS250x10,0.0268,0.0,0.0,0
SHS,SHS250x12.5,0.0469,0.0,0.0,0
SHS,SHS250x14.2,0.1761,0.0,0.0,0
SHS,SHS250x16,0.0062,0.0,0.0,0
SHS,SHS260x6.3,0.022,0.0,0.0,0
SHS,SHS260x8,0.0597,0.0,0.0,0
SHS,SHS260x10,0.0257,0.0,0.0,0
SHS,SHS260x12.5,0.0449,0.0,0.0,0
SHS,SHS260x14.2,0.3267,0.0,0.0,0
SHS,SHS260x16,0.2674,0.0,0.0,0
SHS,SHS300x6.3,0.5486,0.0,0.0,0
SHS,SHS300x8,0.2664,0.0,0.0,0
SHS,SHS300x10,0.0649,0.0,0.0,0
SHS,SHS300x12.5,0.0386,0.0,0.0,0
SHS,SHS300x14.2,0.1048,0.0,0.0,0
SHS,SHS300x16,0.0051,0.0,0.0,0
SHS,SHS350x8,0.2273,0.0,0.0,0
SHS,SHS350x10,0.0552,0.0,0.0,0
SHS,SHS350x12.5,0.0328,0.0,0.0,0
SHS,SHS350x14.2,0.2288,0.0,0.0,0
SHS,SHS350x16,0.0043,0.0,0.0,0
SHS,SHS400x10,0.0481,0.0,0.0,0
SHS,SHS400x12.5,0.0286,0.0,0.0,0
SHS,SHS400x14.2,0.0149,0.0,0.0,0
SHS,SHS400x16,0.0037,0.0,0.0,0
SHS,SHS400x20,0.0994,0.0,0.0,0
RHS,RHS50x30x2.6,0.0796,0.1446,0.0898,0
RHS,RHS50x30x3.2,0.0079,0.0425,0.0491,0
RHS,RHS50x30x4,0.0346,0.0738,0.0446,0
RHS,RHS50x30x5,0.0201,0.0612,0.0402,0
RHS,RHS60x40x2.6,0.0626,0.069,0.3191,0
RHS,RHS60x40x3.2,0.0062,0.0825,0.1816,0
RHS,RHS60x40x4,0.0269,0.0809,0.1989,0
RHS,RHS60x40x5,0.0155,0.0291,0.169,0
RHS,RHS60x40x6.3,0.0566,0.11,0.1722,0
RHS,RHS80x40x3.2,0.0051,0.0392,0.0952,0
RHS,RHS80x40x4,0.022,0.001,0.1763,0
RHS,RHS80x40x5,0.293,0.032,0.0015,0
RHS,RHS80x40x6.3,0.1069,0.09,0.0825,0
RHS,RHS80x40x8,0.2983,0.0281,0.0149,0
RHS,RHS90x50x3.2,0.0043,0.0285,0.0989,0
RHS,RHS90x50x4,0.1147,0.0762,0.1046,0
RHS,RHS90x50x5,0.2469,0.1959,0.0233,0
RHS,RHS90x50x6.3,0.2179,0.0119,0.0458,0
RHS,RHS90x50x8,0.2486,0.2646,0.047,0
RHS,RHS100x50x3.2,0.004,0.1286,0.0646,0
RHS,RHS100x50x4,0.1066,0.2902,0.0293,0
RHS,RHS100x50x5,0.2289,0.296,0.0096,0
RHS,RHS100x50x6.3,0.0355,0.1248,0.1322,0
RHS,RHS100x50x8,0.2295,0.0592,0.0153,0
RHS,RHS100x60x3.2,0.0037,0.1155,0.0469,0
RHS,RHS100x60x4,0.0994,0.023,0.032,0
RHS,RHS100x60x5,0.2133,0.0471,0.0132,0
RHS,RHS100x60x6.3,0.2983,0.0251,0.1014,0
RHS,RHS100x60x8,0.2131,0.0738,0.2925,0
RHS,RHS120x60x4,0.0877,0.1113,0.0146,0
RHS,RHS120x60x5,0.1877,0.0668,0.0449,0
RHS,RHS120x60x6.3,0.1256,0.142,0.388,0
RHS,RHS120x60x8,0.1865,0.0702,0.0987,0
RHS,RHS120x60x10,0.0822,0.0183,0.3141,0
RHS,RHS120x80x4,0.0785,0.1425,0.1851,0
RHS,RHS120x80x5,0.1677,0.1004,0.0306,0
RHS,RHS120x80x6.3,0.0259,0.0082,0.2591,0
RHS,RHS120x80x8,0.1657,0.0428,0.1682,0
RHS,RHS120x80x10,0.0728,0.0694,0.151,0
RHS,RHS140x80x4,0.071,0.0928,0.0938,0
RHS,RHS140x80x5,0.1515,0.0113,0.0487,0
RHS,RHS140x80x6.3,0.0545,0.0187,0.0381,0
RHS,RHS140x80x8,0.1492,0.0342,0.0585,0
RHS,RHS140x80x10,0.0653,0.0022,0.0385,0
RHS,RHS150x100x4,0.0622,0.0459,0.0063,0
RHS,RHS150x100x5,0.1323,0.0417,0.0865,0
RHS,RHS150x100x6.3,0.0203,0.0346,0.047,0
RHS,RHS150x100x8,0.1297,0.2905,0.0487,0
RHS,RHS150x100x10,0.0566,0.1786,0.0576,0
RHS,RHS150x100x12.5,0.0827,0.1957,0.04,0
RHS,RHS160x80x4,0.0649,0.031,0.0228,0
RHS,RHS160x80x5,0.1381,0.0032,0.1101,0
RHS,RHS160x80x6.3,0.1206,0.0702,0.0675,0
RHS,RHS160x80x8,0.1356,0.1111,0.0488,0
RHS,RHS160x80x10,0.0592,0.3428,0.0472,0
RHS,RHS160x80x12.5,0.0867,0.295,0.1174,0
RHS,RHS180x100x4,0.0552,0.054,0.0919,0
RHS,RHS180x100x5,0.1174,0.2297,0.0193,0
RHS,RHS180x100x6.3,0.0781,0.1574,0.0567,0
RHS,RHS180x100x8,0.1147,0.1932,0.0151,0
RHS,RHS180x100x10,0.0499,0.197,0.0487,0
RHS,RHS180x100x12.5,0.0728,0.1503,0.0853,0
RHS,RHS200x100x4,0.0514,0.2132,0.0562,0
RHS,RHS200x100x5,0.1092,0.3598,0.0506,0
RHS,RHS200x100x6.3,0.0168,0.024,0.0471,0
RHS,RHS200x100x8,0.1066,0.1569,0.0022,0
RHS,RHS200x100x10,0.0463,0.1538,0.0326,0
RHS,RHS200x100x12.5,0.0673,0.1817,0.358,0
RHS,RHS200x100x16,0.0109,0.0592,0.2282,0
RHS,RHS200x120x6.3,0.0366,0.2922,0.0218,0
RHS,RHS200x120x8,0.0994,0.0561,0.1451,0
RHS,RHS200x120x10,0.0431,0.151,0.1923,0
RHS,RHS200x120x12.5,0.0627,0.1565,0.1031,0
RHS,RHS250x150x6.3,0.0124,0.0926,0.2478,0
RHS,RHS250x150x8,0.0785,0.025,0.089,0
RHS,RHS250x150x10,0.0339,0.0534,0.1889,0
RHS,RHS250x150x12.5,0.0491,0.081,0.1358,0
RHS,RHS250x150x14.2,0.3569,0.007,0.1255,0
RHS,RHS250x150x16,0.0079,0.0139,0.08,0
RHS,RHS260x180x6.3,0.0637,0.0601,0.0307,0
RHS,RHS260x180x8,0.071,0.0075,0.0541,0
RHS,RHS260x180x10,0.0307,0.0111,0.0149,0
RHS,RHS260x180x12.5,0.0537,0.0375,0.1075,0
RHS,RHS260x180x14.2,0.2369,0.217,0.0151,0
RHS,RHS260x180x16,0.1492,0.3969,0.0039,0
RHS,RHS300x200x6.3,0.0098,0.0088,0.0987,0
RHS,RHS300x200x8,0.0622,0.0365,0.0835,0
RHS,RHS300x200x10,0.0268,0.1616,0.041,0
RHS,RHS300x200x12.5,0.0469,0.2183,0.0619,0
RHS,RHS300x200x14.2,0.1761,0.2002,0.0314,0
RHS,RHS300x200x16,0.0062,0.0613,0.0172,0
RHS,RHS350x250x6.3,0.0082,0.0388,0.0789,0
RHS,RHS350x250x8,0.0514,0.299,0.0194,0
RHS,RHS350x250x10,0.0649,0.007,0.3078,0
RHS,RHS350x250x12.5,0.0386,0.0558,0.2868,0
RHS,RHS350x250x14.2,0.1048,0.0037,0.2847,0
RHS,RHS350x250x16,0.0051,0.0317,0.3033,0
RHS,RHS400x200x8,0.0514,0.1959,0.0039,0
RHS,RHS400x200x10,0.0649,0.0571,0.0506,0
RHS,RHS400x200x12.5,0.0386,0.1529,0.0425,0
RHS,RHS400x200x14.2,0.1048,0.0615,0.1556,0
RHS,RHS400x200x16,0.0051,0.1008,0.2012,0
RHS,RHS450x250x8,0.2273,0.0631,0.3431,0
RHS,RHS450x250x10,0.0552,0.0159,0.1236,0
RHS,RHS450x250x12.5,0.0328,0.0385,0.167,0
RHS,RHS450x250x14.2,0.2288,0.0264,0.0098,0
RHS,RHS450x250x16,0.0043,0.0061,0.1849,0
RHS,RHS500x300x10,0.0481,0.0722,0.1601,0
RHS,RHS500x300x12.5,0.0286,0.0026,0.0785,0
RHS,RHS500x300x14.2,0.0149,0.003,0.133,0
RHS,RHS500x300x16,0.0037,0.024,0.089,0
RHS,RHS500x300x20,0.0994,0.0276,0.0531,0
CHS,CHS21.3x2.3,0.1697,0.0,0.0,0
CHS,CHS21.3x2.6,0.2073,0.0,0.0,0
CHS,CHS21.3x3.2,0.0615,0.0,0.0,0
CHS,CHS26.9x2.3,0.1798,0.0,0.0,0
CHS,CHS26.9x2.6,0.2051,0.0,0.0,0
CHS,CHS26.9x3.2,0.0684,0.0,0.0,0
CHS,CHS33.7x2.6,0.0287,0.0,0.0,0
CHS,CHS33.7x3.2,0.1641,0.0,0.0,0
CHS,CHS33.7x4,0.0191,0.0,0.0,0
CHS,CHS42.4x2.6,0.0119,0.0,0.0,0
CHS,CHS42.4x3.2,0.0195,0.0,0.0,0
CHS,CHS42.4x4,0.1336,0.0,0.0,0
CHS,CHS48.3x2.6,0.036,0.0,0.0,0
CHS,CHS48.3x3.2,0.0469,0.0,0.0,0
CHS,CHS48.3x4,0.0957,0.0,0.0,0
CHS,CHS48.3x5,0.0174,0.0,0.0,0
CHS,CHS60.3x2.6,0.0239,0.0,0.0,0
CHS,CHS60.3x3.2,0.0346,0.0,0.0,0
CHS,CHS60.3x4,0.0287,0.0,0.0,0
CHS,CHS60.3x5,0.0804,0.0,0.0,0
CHS,CHS76.1x2.6,0.0195,0.0,0.0,0
CHS,CHS76.1x3.2,0.0578,0.0,0.0,0
CHS,CHS76.1x4,0.0363,0.0,0.0,0
CHS,CHS76.1x5,0.3225,0.0,0.0,0
CHS,CHS88.9x3.2,0.0923,0.0,0.0,0
CHS,CHS88.9x4,0.3312,0.0,0.0,0
CHS,CHS88.9x5,0.1993,0.0,0.0,0
CHS,CHS88.9x6.3,0.2556,0.0,0.0,0
CHS,CHS101.6x3.2,0.0174,0.0,0.0,0
CHS,CHS101.6x4,0.3264,0.0,0.0,0
CHS,CHS101.6x5,0.2118,0.0,0.0,0
CHS,CHS101.6x6.3,0.2421,0.0,0.0,0
CHS,CHS101.6x8,0.063,0.0,0.0,0
CHS,CHS101.6x10,0.12,0.0,0.0,0
CHS,CHS114.3x3.2,0.3169,0.0,0.0,0
CHS,CHS114.3x4,0.3227,0.0,0.0,0
CHS,CHS114.3x5,0.2215,0.0,0.0,0
CHS,CHS114.3x6.3,0.1551,0.0,0.0,0
CHS,CHS114.3x8,0.0201,0.0,0.0,0
CHS,CHS114.3x10,0.1413,0.0,0.0,0
CHS,CHS139.7x4,0.3174,0.0,0.0,0
CHS,CHS139.7x5,0.2352,0.0,0.0,0
CHS,CHS139.7x6.3,0.0304,0.0,0.0,0
CHS,CHS139.7x8,0.0407,0.0,0.0,0
CHS,CHS139.7x10,0.0739,0.0,0.0,0
CHS,CHS139.7x12.5,0.1375,0.0,0.0,0
CHS,CHS168.3x4,0.1857,0.0,0.0,0
CHS,CHS168.3x5,0.2303,0.0,0.0,0
CHS,CHS168.3x6.3,0.1551,0.0,0.0,0
CHS,CHS168.3x8,0.0705,0.0,0.0,0
CHS,CHS168.3x10,0.023,0.0,0.0,0
CHS,CHS168.3x12.5,0.0687,0.0,0.0,0
CHS,CHS177.8x5,0.1198,0.0,0.0,0
CHS,CHS177.8x6.3,0.0876,0.0,0.0,0
CHS,CHS177.8x8,0.0978,0.0,0.0,0
CHS,CHS177.8x10,0.0099,0.0,0.0,0
CHS,CHS177.8x12.5,0.0199,0.0,0.0,0
CHS,CHS193.7x5,0.0981,0.0,0.0,0
CHS,CHS193.7x6.3,0.0664,0.0,0.0,0
CHS,CHS193.7x8,0.1012,0.0,0.0,0
CHS,CHS193.7x10,0.021,0.0,0.0,0
CHS,CHS193.7x12.5,0.1004,0.0,0.0,0
CHS,CHS193.7x14.2,0.07,0.0,0.0,0
CHS,CHS193.7x16,0.0158,0.0,0.0,0
CHS,CHS219.1x5,0.0513,0.0,0.0,0
CHS,CHS219.1x6.3,0.0013,0.0,0.0,0
CHS,CHS219.1x8,0.1245,0.0,0.0,0
CHS,CHS219.1x10,0.0543,0.0,0.0,0
CHS,CHS219.1x12.5,0.0012,0.0,0.0,0
CHS,CHS219.1x14.2,0.0323,0.0,0.0,0
CHS,CHS219.1x16,0.0473,0.0,0.0,0
CHS,CHS219.1x20,0.0384,0.0,0.0,0
CHS,CHS244.5x5,0.0145,0.0,0.0,0
CHS,CHS244.5x6.3,0.0546,0.0,0.0,0
CHS,CHS244.5x8,0.0254,0.0,0.0,0
CHS,CHS244.5x10,0.0804,0.0,0.0,0
CHS,CHS244.5x12.5,0.0334,0.0,0.0,0
CHS,CHS244.5x14.2,0.0029,0.0,0.0,0
CHS,CHS244.5x16,0.1648,0.0,0.0,0
CHS,CHS244.5x20,0.0006,0.0,0.0,0
CHS,CHS244.5x25,0.1893,0.0,0.0,0
CHS,CHS273x5,0.0465,0.0,0.0,0
CHS,CHS273x6.3,0.0679,0.0,0.0,0
CHS,CHS273x8,0.0375,0.0,0.0,0
CHS,CHS273x10,0.0112,0.0,0.0,0
CHS,CHS273x12.5,0.252,0.0,0.0,0
CHS,CHS273x14.2,0.353,0.0,0.0,0
CHS,CHS273x16,0.1011,0.0,0.0,0
CHS,CHS273x20,0.0624,0.0,0.0,0
CHS,CHS273x25,0.1536,0.0,0.0,0
CHS,CHS323.9x5,0.0547,0.0,0.0,0
CHS,CHS323.9x6.3,0.1045,0.0,0.0,0
CHS,CHS323.9x8,0.0473,0.0,0.0,0
CHS,CHS323.9x10,0.0254,0.0,0.0,0
CHS,CHS323.9x12.5,0.1946,0.0,0.0,0
CHS,CHS323.9x14.2,0.0751,0.0,0.0,0
CHS,CHS323.9x16,0.1901,0.0,0.0,0
CHS,CHS323.9x20,0.0684,0.0,0.0,0
CHS,CHS323.9x25,0.1442,0.0,0.0,0
CHS,CHS355.6x6.3,0.0084,0.0,0.0,0
CHS,CHS355.6x8,0.0843,0.0,0.0,0
CHS,CHS355.6x10,0.4313,0.0,0.0,0
CHS,CHS355.6x12.5,0.2363,0.0,0.0,0
CHS,CHS355.6x14.2,0.1576,0.0,0.0,0
CHS,CHS355.6x16,0.2146,0.0,0.0,0
CHS,CHS355.6x20,0.1047,0.0,0.0,0
CHS,CHS355.6x25,0.1737,0.0,0.0,0
CHS,CHS406.4x6.3,0.0554,0.0,0.0,0
CHS,CHS406.4x8,0.0886,0.0,0.0,0
CHS,CHS406.4x10,0.4138,0.0,0.0,0
CHS,CHS406.4x12.5,0.2438,0.0,0.0,0
CHS,CHS406.4x14.2,0.0614,0.0,0.0,0
CHS,CHS406.4x16,0.0804,0.0,0.0,0
CHS,CHS406.4x20,0.1297,0.0,0.0,0
CHS,CHS406.4x25,0.1898,0.0,0.0,0
CHS,CHS406.4x30,0.1109,0.0,0.0,0
CHS,CHS406.4x40,0.0537,0.0,0.0,0
CHS,CHS457x6.3,0.0371,0.0,0.0,0
CHS,CHS457x8,0.1764,0.0,0.0,0
CHS,CHS457x10,0.2663,0.0,0.0,0
CHS,CHS457x12.5,0.2945,0.0,0.0,0
CHS,CHS457x14.2,0.2745,0.0,0.0,0
CHS,CHS457x16,0.1884,0.0,0.0,0
CHS,CHS457x20,0.1946,0.0,0.0,0
CHS,CHS457x25,0.0459,0.0,0.0,0
CHS,CHS457x30,0.0688,0.0,0.0,0
CHS,CHS457x40,0.0368,0.0,0.0,0
CHS,CHS508x6.3,0.0435,0.0,0.0,0
CHS,CHS508x8,0.3069,0.0,0.0,0
CHS,CHS508x10,0.249,0.0,0.0,0
CHS,CHS508x12.5,0.2542,0.0,0.0,0
CHS,CHS508x14.2,0.0903,0.0,0.0,0
CHS,CHS508x16,0.0838,0.0,0.0,0
CHS,CHS508x20,0.1641,0.0,0.0,0
CHS,CHS508x25,0.0514,0.0,0.0,0
CHS,CHS508x30,0.15,0.0,0.0,0
CHS,CHS508x40,0.0221,0.0,0.0,0
CHS,CHS508x50,0.0189,0.0,0.0,0
CHS,CHS610x6.3,0.3668,0.0,0.0,0
CHS,CHS610x8,0.1578,0.0,0.0,0
CHS,CHS610x10,0.2233,0.0,0.0,0
CHS,CHS610x12.5,0.1943,0.0,0.0,0
CHS,CHS610x14.2,0.1191,0.0,0.0,0
CHS,CHS610x16,0.1816,0.0,0.0,0
CHS,CHS610x20,0.1188,0.0,0.0,0
CHS,CHS610x25,0.0596,0.0,0.0,0
CHS,CHS610x30,0.1065,0.0,0.0,0
CHS,CHS610x40,0.0006,0.0,0.0,0
CHS,CHS610x50,0.0804,0.0,0.0,0
CHS,CHS711x6.3,0.301,0.0,0.0,0
CHS,CHS711x8,0.2191,0.0,0.0,0
CHS,CHS711x10,0.0624,0.0,0.0,0
CHS,CHS711x12.5,0.0694,0.0,0.0,0
CHS,CHS711x14.2,0.0894,0.0,0.0,0
CHS,CHS711x16,0.0587,0.0,0.0,0
CHS,CHS711x20,0.0014,0.0,0.0,0
CHS,CHS711x25,0.0804,0.0,0.0,0
CHS,CHS711x30,0.067,0.0,0.0,0
CHS,CHS711x40,0.016,0.0,0.0,0
CHS,CHS711x50,0.0116,0.0,0.0,0
CHS,CHS711x60,0.0315,0.0,0.0,0
CHS,CHS762x6,0.3878,0.0,0.0,0
CHS,CHS762x6.3,0.3278,0.0,0.0,0
CHS,CHS762x8,0.3027,0.0,0.0,0
CHS,CHS762x10,0.0648,0.0,0.0,0
CHS,CHS762x12.5,0.0714,0.0,0.0,0
CHS,CHS762x14.2,0.1604,0.0,0.0,0
CHS,CHS762x16,0.0454,0.0,0.0,0
CHS,CHS762x20,0.0054,0.0,0.0,0
CHS,CHS762x25,0.068,0.0,0.0,0
CHS,CHS762x30,0.0555,0.0,0.0,0
CHS,CHS762x40,0.008,0.0,0.0,0
CHS,CHS762x50,0.0038,0.0,0.0,0
CHS,CHS813x8,0.1175,0.0,0.0,0
CHS,CHS813x10,0.0669,0.0,0.0,0
CHS,CHS813x12.5,0.0731,0.0,0.0,0
CHS,CHS813x14.2,0.058,0.0,0.0,0
CHS,CHS813x16,0.1359,0.0,0.0,0
CHS,CHS813x20,0.0113,0.0,0.0,0
CHS,CHS813x30,0.0456,0.0,0.0,0
CHS,CHS914x8,0.1705,0.0,0.0,0
CHS,CHS914x10,0.0402,0.0,0.0,0
CHS,CHS914x12.5,0.035,0.0,0.0,0
CHS,CHS914x14.2,0.0611,0.0,0.0,0
CHS,CHS914x16,0.045,0.0,0.0,0
CHS,CHS914x20,0.0905,0.0,0.0,0
CHS,CHS914x25,0.0088,0.0,0.0,0
CHS,CHS914x30,0.0221,0.0,0.0,0
CHS,CHS1016x8,0.0934,0.0,0.0,0
CHS,CHS1016x10,0.0262,0.0,0.0,0
CHS,CHS1016x12.5,0.0215,0.0,0.0,0
CHS,CHS1016x14.2,0.0605,0.0,0.0,0
CHS,CHS1016x16,0.1088,0.0,0.0,0
CHS,CHS1016x20,0.0713,0.0,0.0,0
CHS,CHS1016x25,0.0022,0.0,0.0,0
CHS,CHS813x25,0.0573,0.0,0.0,0
CHS,CHS1016x30,0.0097,0.0,0.0,0
CHS,CHS1067x10,0.0202,0.0,0.0,0
CHS,CHS1067x12.5,0.0157,0.0,0.0,0
CHS,CHS1067x14.2,0.1123,0.0,0.0,0
CHS,CHS1067x16,0.0148,0.0,0.0,0
CHS,CHS1067x20,0.063,0.0,0.0,0
CHS,CHS1067x25,0.0069,0.0,0.0,0
CHS,CHS1067x30,0.0044,0.0,0.0,0
CHS,CHS1168x10,0.0961,0.0,0.0,0
CHS,CHS1168x12.5,0.0922,0.0,0.0,0
CHS,CHS1168x14.2,0.095,0.0,0.0,0
CHS,CHS1168x16,0.0301,0.0,0.0,0
CHS,CHS1168x20,0.0028,0.0,0.0,0
CHS,CHS1168x25,0.0724,0.0,0.0,0
CHS,CHS1219x10,0.0879,0.0,0.0,0
CHS,CHS1219x12.5,0.0841,0.0,0.0,0
CHS,CHS1219x16,0.0908,0.0,0.0,0
CHS,CHS1219x14.2,0.0471,0.0,0.0,0
CHS,CHS1219x20,0.0068,0.0,0.0,0
CHS,CHS1219x25,0.0652,0.0,0.0,0
